[
{"spiderName": "SheegoSpider", "category": [" schuhe", "schn\u00fcrboots"], "image_urls": ["//media.sheego.de/is/image/sheego/O_2839967_94?$format_zoom$", "//media.sheego.de/is/image/sheego/O_2839791_94?$format_zoom$", "//media.sheego.de/is/image/sheego/O_2839882_94?$format_zoom$", "//media.sheego.de/is/image/sheego/O_2840053_94?$format_zoom$", "//media.sheego.de/is/image/sheego/O_2839968_94?$format_zoom$", "//media.sheego.de/is/image/sheego/O_2840143_94?$format_zoom$"], "url": "https://www.sheego.de/schnuerboots_118718.html?color=00429", "retailer": "Sheego"},
{"spiderName": "SheegoSpider", "category": [" schuhe", "city walk westernstiefelette"], "image_urls": ["//media.sheego.de/is/image/sheego/O_3129232_94?$format_zoom$", "//media.sheego.de/is/image/sheego/O_3129233_94?$format_zoom$", "//media.sheego.de/is/image/sheego/O_3129333_94?$format_zoom$", "//media.sheego.de/is/image/sheego/O_3129578_94?$format_zoom$", "//media.sheego.de/is/image/sheego/O_3129346_94?$format_zoom$", "//media.sheego.de/is/image/sheego/O_3129688_94?$format_zoom$"], "url": "https://www.sheego.de/city-walk-westernstiefelette_118497.html?color=00063", "retailer": "Sheego"},
{"spiderName": "SheegoSpider", "category": [" schuhe", "city walk westernstiefelette"], "image_urls": ["//media.sheego.de/is/image/sheego/O_3129232_94?$format_zoom$", "//media.sheego.de/is/image/sheego/O_3129233_94?$format_zoom$", "//media.sheego.de/is/image/sheego/O_3129333_94?$format_zoom$", "//media.sheego.de/is/image/sheego/O_3129578_94?$format_zoom$", "//media.sheego.de/is/image/sheego/O_3129346_94?$format_zoom$", "//media.sheego.de/is/image/sheego/O_3129688_94?$format_zoom$"], "url": "https://www.sheego.de/city-walk-westernstiefelette_118497.html?color=00063", "retailer": "Sheego"},
{"spiderName": "SheegoSpider", "category": [" schuhe", "be natural chelseaboots"], "image_urls": ["//media.sheego.de/is/image/sheego/O_7366876_94?$format_zoom$", "//media.sheego.de/is/image/sheego/O_7366640_94?$format_zoom$", "//media.sheego.de/is/image/sheego/O_7366867_94?$format_zoom$", "//media.sheego.de/is/image/sheego/O_7367119_94?$format_zoom$", "//media.sheego.de/is/image/sheego/O_7366641_94?$format_zoom$", "//media.sheego.de/is/image/sheego/O_7366868_94?$format_zoom$"], "url": "https://www.sheego.de/be-natural-chelseaboots_125494.html?color=00106", "retailer": "Sheego"},
{"spiderName": "SheegoSpider", "category": [" schuhe", "city walk westernstiefelette"], "image_urls": ["//media.sheego.de/is/image/sheego/O_3097835_94?$format_zoom$", "//media.sheego.de/is/image/sheego/O_3130579_94?$format_zoom$", "//media.sheego.de/is/image/sheego/O_3130714_94?$format_zoom$", "//media.sheego.de/is/image/sheego/O_3130983_94?$format_zoom$", "//media.sheego.de/is/image/sheego/O_3130841_94?$format_zoom$", "//media.sheego.de/is/image/sheego/O_3130450_94?$format_zoom$"], "url": "https://www.sheego.de/city-walk-westernstiefelette_118501.html?color=00289", "retailer": "Sheego"},
{"spiderName": "SheegoSpider", "category": [" schuhe", "marco tozzi pumps"], "image_urls": ["//media.sheego.de/is/image/sheego/O_7227159_94?$format_zoom$", "//media.sheego.de/is/image/sheego/O_7226938_94?$format_zoom$", "//media.sheego.de/is/image/sheego/O_7226939_94?$format_zoom$", "//media.sheego.de/is/image/sheego/O_7227363_94?$format_zoom$", "//media.sheego.de/is/image/sheego/O_7227574_94?$format_zoom$", "//media.sheego.de/is/image/sheego/O_7227364_94?$format_zoom$"], "url": "https://www.sheego.de/marco-tozzi-pumps_125433.html?color=00106", "retailer": "Sheego"},
{"spiderName": "SheegoSpider", "category": [" schuhe", "city walk westernstiefelette"], "image_urls": ["//media.sheego.de/is/image/sheego/O_3097835_94?$format_zoom$", "//media.sheego.de/is/image/sheego/O_3130579_94?$format_zoom$", "//media.sheego.de/is/image/sheego/O_3130714_94?$format_zoom$", "//media.sheego.de/is/image/sheego/O_3130983_94?$format_zoom$", "//media.sheego.de/is/image/sheego/O_3130841_94?$format_zoom$", "//media.sheego.de/is/image/sheego/O_3130450_94?$format_zoom$"], "url": "https://www.sheego.de/city-walk-westernstiefelette_118501.html?color=00289", "retailer": "Sheego"},
{"spiderName": "SheegoSpider", "category": [" schuhe", "tamaris pumps"], "image_urls": ["//media.sheego.de/is/image/sheego/O_11537621_94?$format_zoom$", "//media.sheego.de/is/image/sheego/O_11538421_94?$format_zoom$", "//media.sheego.de/is/image/sheego/O_11540760_94?$format_zoom$", "//media.sheego.de/is/image/sheego/O_11540752_94?$format_zoom$", "//media.sheego.de/is/image/sheego/O_11539999_94?$format_zoom$", "//media.sheego.de/is/image/sheego/O_11539235_94?$format_zoom$"], "url": "https://www.sheego.de/tamaris-pumps_129935.html?color=00199", "retailer": "Sheego"},
{"spiderName": "SheegoSpider", "category": [" schuhe", "tamaris pumps"], "image_urls": ["//media.sheego.de/is/image/sheego/O_11537621_94?$format_zoom$", "//media.sheego.de/is/image/sheego/O_11538421_94?$format_zoom$", "//media.sheego.de/is/image/sheego/O_11540760_94?$format_zoom$", "//media.sheego.de/is/image/sheego/O_11540752_94?$format_zoom$", "//media.sheego.de/is/image/sheego/O_11539999_94?$format_zoom$", "//media.sheego.de/is/image/sheego/O_11539235_94?$format_zoom$"], "url": "https://www.sheego.de/tamaris-pumps_129935.html?color=00199", "retailer": "Sheego"},
{"spiderName": "SheegoSpider", "category": [" schuhe", "tamaris high-heel-pumps"], "image_urls": ["//media.sheego.de/is/image/sheego/O_6227862_94?$format_zoom$", "//media.sheego.de/is/image/sheego/O_6228091_94?$format_zoom$", "//media.sheego.de/is/image/sheego/O_6228297_94?$format_zoom$", "//media.sheego.de/is/image/sheego/O_6227644_94?$format_zoom$", "//media.sheego.de/is/image/sheego/O_6227437_94?$format_zoom$", "//media.sheego.de/is/image/sheego/O_6227866_94?$format_zoom$"], "url": "https://www.sheego.de/tamaris-high-heel-pumps_119118.html?color=00010", "retailer": "Sheego"},
{"spiderName": "SheegoSpider", "category": [" schuhe", "arizona stiefelette"], "image_urls": ["//media.sheego.de/is/image/sheego/O_7229459_94?$format_zoom$", "//media.sheego.de/is/image/sheego/O_7229978_94?$format_zoom$", "//media.sheego.de/is/image/sheego/O_7229235_94?$format_zoom$", "//media.sheego.de/is/image/sheego/O_7229465_94?$format_zoom$", "//media.sheego.de/is/image/sheego/O_7229979_94?$format_zoom$"], "url": "https://www.sheego.de/arizona-stiefelette_125384.html?color=00065", "retailer": "Sheego"},
{"spiderName": "SheegoSpider", "category": [" schuhe", "tamaris high-heel-pumps"], "image_urls": ["//media.sheego.de/is/image/sheego/O_6227862_94?$format_zoom$", "//media.sheego.de/is/image/sheego/O_6228091_94?$format_zoom$", "//media.sheego.de/is/image/sheego/O_6228297_94?$format_zoom$", "//media.sheego.de/is/image/sheego/O_6227644_94?$format_zoom$", "//media.sheego.de/is/image/sheego/O_6227437_94?$format_zoom$", "//media.sheego.de/is/image/sheego/O_6227866_94?$format_zoom$"], "url": "https://www.sheego.de/tamaris-high-heel-pumps_119118.html?color=00010", "retailer": "Sheego"},
{"spiderName": "SheegoSpider", "category": [" schuhe", "tamaris high-heel-pumps"], "image_urls": ["//media.sheego.de/is/image/sheego/O_6227862_94?$format_zoom$", "//media.sheego.de/is/image/sheego/O_6228091_94?$format_zoom$", "//media.sheego.de/is/image/sheego/O_6228297_94?$format_zoom$", "//media.sheego.de/is/image/sheego/O_6227644_94?$format_zoom$", "//media.sheego.de/is/image/sheego/O_6227437_94?$format_zoom$", "//media.sheego.de/is/image/sheego/O_6227866_94?$format_zoom$"], "url": "https://www.sheego.de/tamaris-high-heel-pumps_119118.html?color=00010", "retailer": "Sheego"},
{"spiderName": "SheegoSpider", "category": [" schuhe", "tamaris high-heel-pumps"], "image_urls": ["//media.sheego.de/is/image/sheego/O_6227862_94?$format_zoom$", "//media.sheego.de/is/image/sheego/O_6228091_94?$format_zoom$", "//media.sheego.de/is/image/sheego/O_6228297_94?$format_zoom$", "//media.sheego.de/is/image/sheego/O_6227644_94?$format_zoom$", "//media.sheego.de/is/image/sheego/O_6227437_94?$format_zoom$", "//media.sheego.de/is/image/sheego/O_6227866_94?$format_zoom$"], "url": "https://www.sheego.de/tamaris-high-heel-pumps_119118.html?color=00010", "retailer": "Sheego"},
{"spiderName": "SheegoSpider", "category": [" schuhe", "tamaris high-heel-pumps"], "image_urls": ["//media.sheego.de/is/image/sheego/O_6227862_94?$format_zoom$", "//media.sheego.de/is/image/sheego/O_6228091_94?$format_zoom$", "//media.sheego.de/is/image/sheego/O_6228297_94?$format_zoom$", "//media.sheego.de/is/image/sheego/O_6227644_94?$format_zoom$", "//media.sheego.de/is/image/sheego/O_6227437_94?$format_zoom$", "//media.sheego.de/is/image/sheego/O_6227866_94?$format_zoom$"], "url": "https://www.sheego.de/tamaris-high-heel-pumps_119118.html?color=00010", "retailer": "Sheego"},
{"spiderName": "SheegoSpider", "category": [" schuhe", "tamaris high-heel-pumps"], "image_urls": ["//media.sheego.de/is/image/sheego/O_6227862_94?$format_zoom$", "//media.sheego.de/is/image/sheego/O_6228091_94?$format_zoom$", "//media.sheego.de/is/image/sheego/O_6228297_94?$format_zoom$", "//media.sheego.de/is/image/sheego/O_6227644_94?$format_zoom$", "//media.sheego.de/is/image/sheego/O_6227437_94?$format_zoom$", "//media.sheego.de/is/image/sheego/O_6227866_94?$format_zoom$"], "url": "https://www.sheego.de/tamaris-high-heel-pumps_119118.html?color=00010", "retailer": "Sheego"},
{"spiderName": "SheegoSpider", "category": [" schuhe", "mustang shoes sneaker"], "image_urls": ["//media.sheego.de/is/image/sheego/O_5700134_94?$format_zoom$", "//media.sheego.de/is/image/sheego/O_5700136_94?$format_zoom$", "//media.sheego.de/is/image/sheego/O_5700342_94?$format_zoom$", "//media.sheego.de/is/image/sheego/O_5700800_94?$format_zoom$", "//media.sheego.de/is/image/sheego/O_5700567_94?$format_zoom$", "//media.sheego.de/is/image/sheego/O_5700993_94?$format_zoom$"], "url": "https://www.sheego.de/mustang-shoes-sneaker_129929.html?color=00030", "retailer": "Sheego"},
{"spiderName": "SheegoSpider", "category": [" schuhe", "mustang shoes schn\u00fcrboots"], "image_urls": ["//media.sheego.de/is/image/sheego/O_8742404_94?$format_zoom$", "//media.sheego.de/is/image/sheego/O_8743364_94?$format_zoom$", "//media.sheego.de/is/image/sheego/O_8744340_94?$format_zoom$", "//media.sheego.de/is/image/sheego/O_8743876_94?$format_zoom$", "//media.sheego.de/is/image/sheego/O_8742884_94?$format_zoom$", "//media.sheego.de/is/image/sheego/O_8744341_94?$format_zoom$"], "url": "https://www.sheego.de/mustang-shoes-schnuerboots_128022.html?color=00880", "retailer": "Sheego"},
{"spiderName": "SheegoSpider", "category": [" schuhe", "city walk stiefelette"], "image_urls": ["//media.sheego.de/is/image/sheego/O_7174632_94?$format_zoom$", "//media.sheego.de/is/image/sheego/O_7175354_94?$format_zoom$", "//media.sheego.de/is/image/sheego/O_7174635_94?$format_zoom$", "//media.sheego.de/is/image/sheego/O_7175117_94?$format_zoom$", "//media.sheego.de/is/image/sheego/O_7174887_94?$format_zoom$", "//media.sheego.de/is/image/sheego/O_7175118_94?$format_zoom$"], "url": "https://www.sheego.de/city-walk-stiefelette_125400.html?color=00780", "retailer": "Sheego"},
{"spiderName": "SheegoSpider", "category": [" schuhe", "plateaupumps aus veloursleder."], "image_urls": ["//media.sheego.de/is/image/sheego/O_7400240_94?$format_zoom$", "//media.sheego.de/is/image/sheego/O_7400911_94?$format_zoom$", "//media.sheego.de/is/image/sheego/O_7400912_94?$format_zoom$", "//media.sheego.de/is/image/sheego/O_7400236_94?$format_zoom$", "//media.sheego.de/is/image/sheego/O_7399893_94?$format_zoom$", "//media.sheego.de/is/image/sheego/O_7400237_94?$format_zoom$"], "url": "https://www.sheego.de/plateaupumps-aus-veloursleder-_125438.html?color=00136", "retailer": "Sheego"},
{"spiderName": "SheegoSpider", "category": [" schuhe", "city walk stiefelette"], "image_urls": ["//media.sheego.de/is/image/sheego/O_7174632_94?$format_zoom$", "//media.sheego.de/is/image/sheego/O_7175354_94?$format_zoom$", "//media.sheego.de/is/image/sheego/O_7174635_94?$format_zoom$", "//media.sheego.de/is/image/sheego/O_7175117_94?$format_zoom$", "//media.sheego.de/is/image/sheego/O_7174887_94?$format_zoom$", "//media.sheego.de/is/image/sheego/O_7175118_94?$format_zoom$"], "url": "https://www.sheego.de/city-walk-stiefelette_125400.html?color=00780", "retailer": "Sheego"},
{"spiderName": "SheegoSpider", "category": [" schuhe", "city walk schn\u00fcrstiefelette"], "image_urls": ["//media.sheego.de/is/image/sheego/O_928401_94?$format_zoom$", "//media.sheego.de/is/image/sheego/O_655581_94?$format_zoom$", "//media.sheego.de/is/image/sheego/O_466467_94?$format_zoom$", "//media.sheego.de/is/image/sheego/O_707290_94?$format_zoom$", "//media.sheego.de/is/image/sheego/O_823242_94?$format_zoom$", "//media.sheego.de/is/image/sheego/O_599605_94?$format_zoom$"], "url": "https://www.sheego.de/city-walk-schnuerstiefelette_125229.html?color=00106", "retailer": "Sheego"},
{"spiderName": "SheegoSpider", "category": [" schuhe", "city walk schn\u00fcrstiefelette"], "image_urls": ["//media.sheego.de/is/image/sheego/O_928401_94?$format_zoom$", "//media.sheego.de/is/image/sheego/O_655581_94?$format_zoom$", "//media.sheego.de/is/image/sheego/O_466467_94?$format_zoom$", "//media.sheego.de/is/image/sheego/O_707290_94?$format_zoom$", "//media.sheego.de/is/image/sheego/O_823242_94?$format_zoom$", "//media.sheego.de/is/image/sheego/O_599605_94?$format_zoom$"], "url": "https://www.sheego.de/city-walk-schnuerstiefelette_125229.html?color=00106", "retailer": "Sheego"},
{"spiderName": "SheegoSpider", "category": [" schuhe", "city walk schn\u00fcrboots"], "image_urls": ["//media.sheego.de/is/image/sheego/O_2791952_94?$format_zoom$", "//media.sheego.de/is/image/sheego/O_2792802_94?$format_zoom$", "//media.sheego.de/is/image/sheego/O_2792281_94?$format_zoom$", "//media.sheego.de/is/image/sheego/O_2792561_94?$format_zoom$", "//media.sheego.de/is/image/sheego/O_2792426_94?$format_zoom$", "//media.sheego.de/is/image/sheego/O_2792681_94?$format_zoom$"], "url": "https://www.sheego.de/city-walk-schnuerboots_125233.html?color=00106", "retailer": "Sheego"},
{"spiderName": "SheegoSpider", "category": [" schuhe", "winterstiefelette mit keilabsatz"], "image_urls": ["//media.sheego.de/is/image/sheego/O_7534996_94?$format_zoom$", "//media.sheego.de/is/image/sheego/O_7535965_94?$format_zoom$", "//media.sheego.de/is/image/sheego/O_7534997_94?$format_zoom$", "//media.sheego.de/is/image/sheego/O_7536438_94?$format_zoom$", "//media.sheego.de/is/image/sheego/O_7535966_94?$format_zoom$", "//media.sheego.de/is/image/sheego/O_7536439_94?$format_zoom$"], "url": "https://www.sheego.de/winterstiefelette-mit-keilabsatz_125475.html?color=00289", "retailer": "Sheego"},
{"spiderName": "SheegoSpider", "category": [" schuhe", "jenny stiefel"], "image_urls": ["//media.sheego.de/is/image/sheego/O_6540618_94?$format_zoom$", "//media.sheego.de/is/image/sheego/O_7331436_94?$format_zoom$", "//media.sheego.de/is/image/sheego/O_6541600_94?$format_zoom$", "//media.sheego.de/is/image/sheego/O_6541907_94?$format_zoom$", "//media.sheego.de/is/image/sheego/O_6540946_94?$format_zoom$", "//media.sheego.de/is/image/sheego/O_6540619_94?$format_zoom$", "//media.sheego.de/is/image/sheego/O_6541290_94?$format_zoom$"], "url": "https://www.sheego.de/jenny-stiefel_119343.html?color=00780", "retailer": "Sheego"},
{"spiderName": "SheegoSpider", "category": [" schuhe", "mustang shoes schn\u00fcrstiefelette"], "image_urls": ["//media.sheego.de/is/image/sheego/O_5377697_94?$format_zoom$", "//media.sheego.de/is/image/sheego/O_6346680_94?$format_zoom$", "//media.sheego.de/is/image/sheego/O_6345786_94?$format_zoom$", "//media.sheego.de/is/image/sheego/O_6346241_94?$format_zoom$", "//media.sheego.de/is/image/sheego/O_6346011_94?$format_zoom$", "//media.sheego.de/is/image/sheego/O_6346454_94?$format_zoom$"], "url": "https://www.sheego.de/mustang-shoes-schnuerstiefelette_127886.html?color=00025", "retailer": "Sheego"},
{"spiderName": "SheegoSpider", "category": [" schuhe", "bugatti stiefelette"], "image_urls": ["//media.sheego.de/is/image/sheego/O_8110682_94?$format_zoom$", "//media.sheego.de/is/image/sheego/O_8110669_94?$format_zoom$", "//media.sheego.de/is/image/sheego/O_8109599_94?$format_zoom$", "//media.sheego.de/is/image/sheego/O_8109078_94?$format_zoom$", "//media.sheego.de/is/image/sheego/O_8110670_94?$format_zoom$", "//media.sheego.de/is/image/sheego/O_8110671_94?$format_zoom$"], "url": "https://www.sheego.de/bugatti-stiefelette_127971.html?color=00545", "retailer": "Sheego"},
{"spiderName": "SheegoSpider", "category": [" schuhe", "tamaris ballerina"], "image_urls": ["//media.sheego.de/is/image/sheego/O_9156618_94?$format_zoom$", "//media.sheego.de/is/image/sheego/O_9156608_94?$format_zoom$", "//media.sheego.de/is/image/sheego/O_9159171_94?$format_zoom$", "//media.sheego.de/is/image/sheego/O_9157480_94?$format_zoom$", "//media.sheego.de/is/image/sheego/O_9155753_94?$format_zoom$", "//media.sheego.de/is/image/sheego/O_9158360_94?$format_zoom$"], "url": "https://www.sheego.de/tamaris-ballerina_128056.html?color=00211", "retailer": "Sheego"},
{"spiderName": "SheegoSpider", "category": [" schuhe", "arizona schn\u00fcrstiefelette"], "image_urls": ["//media.sheego.de/is/image/sheego/O_7204558_94?$format_zoom$", "//media.sheego.de/is/image/sheego/O_7204557_94?$format_zoom$", "//media.sheego.de/is/image/sheego/O_7204111_94?$format_zoom$", "//media.sheego.de/is/image/sheego/O_7204783_94?$format_zoom$", "//media.sheego.de/is/image/sheego/O_7204334_94?$format_zoom$", "//media.sheego.de/is/image/sheego/O_7204559_94?$format_zoom$"], "url": "https://www.sheego.de/arizona-schnuerstiefelette_125386.html?color=00063", "retailer": "Sheego"},
{"spiderName": "SheegoSpider", "category": [" schuhe", "arizona schn\u00fcrstiefelette"], "image_urls": ["//media.sheego.de/is/image/sheego/O_7204558_94?$format_zoom$", "//media.sheego.de/is/image/sheego/O_7204557_94?$format_zoom$", "//media.sheego.de/is/image/sheego/O_7204111_94?$format_zoom$", "//media.sheego.de/is/image/sheego/O_7204783_94?$format_zoom$", "//media.sheego.de/is/image/sheego/O_7204334_94?$format_zoom$", "//media.sheego.de/is/image/sheego/O_7204559_94?$format_zoom$"], "url": "https://www.sheego.de/arizona-schnuerstiefelette_125386.html?color=00063", "retailer": "Sheego"},
{"spiderName": "SheegoSpider", "category": [" schuhe", "rieker pantolette"], "image_urls": ["//media.sheego.de/is/image/sheego/O_5165642_94?$format_zoom$", "//media.sheego.de/is/image/sheego/O_5166451_94?$format_zoom$", "//media.sheego.de/is/image/sheego/O_5165379_94?$format_zoom$", "//media.sheego.de/is/image/sheego/O_5165924_94?$format_zoom$", "//media.sheego.de/is/image/sheego/O_5165643_94?$format_zoom$", "//media.sheego.de/is/image/sheego/O_5166192_94?$format_zoom$"], "url": "https://www.sheego.de/rieker-pantolette_127892.html?color=00077", "retailer": "Sheego"},
{"spiderName": "SheegoSpider", "category": [" schuhe", "bio time pantolette"], "image_urls": ["//media.sheego.de/is/image/sheego/O_6712146_94?$format_zoom$", "//media.sheego.de/is/image/sheego/O_6712482_94?$format_zoom$", "//media.sheego.de/is/image/sheego/O_6711868_94?$format_zoom$", "//media.sheego.de/is/image/sheego/O_6712158_94?$format_zoom$", "//media.sheego.de/is/image/sheego/O_6711997_94?$format_zoom$", "//media.sheego.de/is/image/sheego/O_6712322_94?$format_zoom$"], "url": "https://www.sheego.de/bio-time-pantolette_119362.html?color=00010", "retailer": "Sheego"},
{"spiderName": "SheegoSpider", "category": [" schuhe", "tamaris high-heel-pumps \u00bbtaggia\u00ab"], "image_urls": ["//media.sheego.de/is/image/sheego/O_8099695_94?$format_zoom$", "//media.sheego.de/is/image/sheego/O_8098543_94?$format_zoom$", "//media.sheego.de/is/image/sheego/O_8099690_94?$format_zoom$", "//media.sheego.de/is/image/sheego/O_8099112_94?$format_zoom$", "//media.sheego.de/is/image/sheego/O_8098544_94?$format_zoom$", "//media.sheego.de/is/image/sheego/O_8097985_94?$format_zoom$"], "url": "https://www.sheego.de/tamaris-high-heel-pumps-taggia-_119099.html?color=00545", "retailer": "Sheego"},
{"spiderName": "SheegoSpider", "category": [" schuhe", "gabor ballerina"], "image_urls": ["//media.sheego.de/is/image/sheego/O_6803389_94?$format_zoom$", "//media.sheego.de/is/image/sheego/O_6803390_94?$format_zoom$", "//media.sheego.de/is/image/sheego/O_6801066_94?$format_zoom$", "//media.sheego.de/is/image/sheego/O_6801834_94?$format_zoom$", "//media.sheego.de/is/image/sheego/O_6803385_94?$format_zoom$", "//media.sheego.de/is/image/sheego/O_6802600_94?$format_zoom$"], "url": "https://www.sheego.de/gabor-ballerina_118998.html?color=00030", "retailer": "Sheego"},
{"spiderName": "SheegoSpider", "category": [" schuhe", "tamaris high-heel-pumps \u00bbtaggia\u00ab"], "image_urls": ["//media.sheego.de/is/image/sheego/O_8099695_94?$format_zoom$", "//media.sheego.de/is/image/sheego/O_8098543_94?$format_zoom$", "//media.sheego.de/is/image/sheego/O_8099690_94?$format_zoom$", "//media.sheego.de/is/image/sheego/O_8099112_94?$format_zoom$", "//media.sheego.de/is/image/sheego/O_8098544_94?$format_zoom$", "//media.sheego.de/is/image/sheego/O_8097985_94?$format_zoom$"], "url": "https://www.sheego.de/tamaris-high-heel-pumps-taggia-_119099.html?color=00545", "retailer": "Sheego"},
{"spiderName": "SheegoSpider", "category": [" schuhe", "gabor ballerina"], "image_urls": ["//media.sheego.de/is/image/sheego/O_6803389_94?$format_zoom$", "//media.sheego.de/is/image/sheego/O_6803390_94?$format_zoom$", "//media.sheego.de/is/image/sheego/O_6801066_94?$format_zoom$", "//media.sheego.de/is/image/sheego/O_6801834_94?$format_zoom$", "//media.sheego.de/is/image/sheego/O_6803385_94?$format_zoom$", "//media.sheego.de/is/image/sheego/O_6802600_94?$format_zoom$"], "url": "https://www.sheego.de/gabor-ballerina_118998.html?color=00030", "retailer": "Sheego"},
{"spiderName": "SheegoSpider", "category": [" schuhe", "city walk ballerina"], "image_urls": ["//media.sheego.de/is/image/sheego/O_903827_94?$format_zoom$", "//media.sheego.de/is/image/sheego/O_1023684_94?$format_zoom$", "//media.sheego.de/is/image/sheego/O_531158_94?$format_zoom$", "//media.sheego.de/is/image/sheego/O_928487_94?$format_zoom$", "//media.sheego.de/is/image/sheego/O_454161_94?$format_zoom$", "//media.sheego.de/is/image/sheego/O_1025974_94?$format_zoom$"], "url": "https://www.sheego.de/city-walk-ballerina_118681.html?color=00289", "retailer": "Sheego"},
{"spiderName": "SheegoSpider", "category": [" schuhe", "city walk ballerina"], "image_urls": ["//media.sheego.de/is/image/sheego/O_903827_94?$format_zoom$", "//media.sheego.de/is/image/sheego/O_1023684_94?$format_zoom$", "//media.sheego.de/is/image/sheego/O_531158_94?$format_zoom$", "//media.sheego.de/is/image/sheego/O_928487_94?$format_zoom$", "//media.sheego.de/is/image/sheego/O_454161_94?$format_zoom$", "//media.sheego.de/is/image/sheego/O_1025974_94?$format_zoom$"], "url": "https://www.sheego.de/city-walk-ballerina_118681.html?color=00289", "retailer": "Sheego"},
{"spiderName": "SheegoSpider", "category": [" schuhe", "s.oliver red label slipper"], "image_urls": ["//media.sheego.de/is/image/sheego/O_6457170_94?$format_zoom$", "//media.sheego.de/is/image/sheego/O_6455556_94?$format_zoom$", "//media.sheego.de/is/image/sheego/O_6456400_94?$format_zoom$", "//media.sheego.de/is/image/sheego/O_6457984_94?$format_zoom$", "//media.sheego.de/is/image/sheego/O_6457177_94?$format_zoom$", "//media.sheego.de/is/image/sheego/O_6458791_94?$format_zoom$"], "url": "https://www.sheego.de/s-oliver-red-label-slipper_119324.html?color=00010", "retailer": "Sheego"},
{"spiderName": "SheegoSpider", "category": [" schuhe", "tom tailor stiefelette"], "image_urls": ["//media.sheego.de/is/image/sheego/O_7177365_94?$format_zoom$", "//media.sheego.de/is/image/sheego/O_7177838_94?$format_zoom$", "//media.sheego.de/is/image/sheego/O_7177141_94?$format_zoom$", "//media.sheego.de/is/image/sheego/O_7177591_94?$format_zoom$", "//media.sheego.de/is/image/sheego/O_7177142_94?$format_zoom$", "//media.sheego.de/is/image/sheego/O_7177366_94?$format_zoom$"], "url": "https://www.sheego.de/tom-tailor-stiefelette_125377.html?color=00018", "retailer": "Sheego"},
{"spiderName": "SheegoSpider", "category": [" schuhe", "tom tailor stiefelette"], "image_urls": ["//media.sheego.de/is/image/sheego/O_7177365_94?$format_zoom$", "//media.sheego.de/is/image/sheego/O_7177838_94?$format_zoom$", "//media.sheego.de/is/image/sheego/O_7177141_94?$format_zoom$", "//media.sheego.de/is/image/sheego/O_7177591_94?$format_zoom$", "//media.sheego.de/is/image/sheego/O_7177142_94?$format_zoom$", "//media.sheego.de/is/image/sheego/O_7177366_94?$format_zoom$"], "url": "https://www.sheego.de/tom-tailor-stiefelette_125377.html?color=00018", "retailer": "Sheego"},
{"spiderName": "SheegoSpider", "category": [" schuhe", "tom tailor stiefelette"], "image_urls": ["//media.sheego.de/is/image/sheego/O_7177365_94?$format_zoom$", "//media.sheego.de/is/image/sheego/O_7177838_94?$format_zoom$", "//media.sheego.de/is/image/sheego/O_7177141_94?$format_zoom$", "//media.sheego.de/is/image/sheego/O_7177591_94?$format_zoom$", "//media.sheego.de/is/image/sheego/O_7177142_94?$format_zoom$", "//media.sheego.de/is/image/sheego/O_7177366_94?$format_zoom$"], "url": "https://www.sheego.de/tom-tailor-stiefelette_125377.html?color=00018", "retailer": "Sheego"},
{"spiderName": "SheegoSpider", "category": [" schuhe", "s.oliver red label pumps"], "image_urls": ["//media.sheego.de/is/image/sheego/O_8765091_94?$format_zoom$", "//media.sheego.de/is/image/sheego/O_8765862_94?$format_zoom$", "//media.sheego.de/is/image/sheego/O_8765466_94?$format_zoom$", "//media.sheego.de/is/image/sheego/O_8764336_94?$format_zoom$", "//media.sheego.de/is/image/sheego/O_8765085_94?$format_zoom$", "//media.sheego.de/is/image/sheego/O_8765863_94?$format_zoom$"], "url": "https://www.sheego.de/s-oliver-red-label-pumps_127954.html?color=00025", "retailer": "Sheego"},
{"spiderName": "SheegoSpider", "category": [" schuhe", "s.oliver red label pumps"], "image_urls": ["//media.sheego.de/is/image/sheego/O_8765091_94?$format_zoom$", "//media.sheego.de/is/image/sheego/O_8765862_94?$format_zoom$", "//media.sheego.de/is/image/sheego/O_8765466_94?$format_zoom$", "//media.sheego.de/is/image/sheego/O_8764336_94?$format_zoom$", "//media.sheego.de/is/image/sheego/O_8765085_94?$format_zoom$", "//media.sheego.de/is/image/sheego/O_8765863_94?$format_zoom$"], "url": "https://www.sheego.de/s-oliver-red-label-pumps_127954.html?color=00025", "retailer": "Sheego"},
{"spiderName": "SheegoSpider", "category": [" schuhe", "stiefel in verschlussloser form"], "image_urls": ["//media.sheego.de/is/image/sheego/12912200289-02ELB-00-SH?$format_zoom$", "//media.sheego.de/is/image/sheego/12912200289-00-SH?$format_zoom$", "//media.sheego.de/is/image/sheego/12912200289-02ELE-00-SH?$format_zoom$", "//media.sheego.de/is/image/sheego/12912200289-02EL8-00-SH?$format_zoom$", "//media.sheego.de/is/image/sheego/12912200289-02ELC-00-SH?$format_zoom$", "//media.sheego.de/is/image/sheego/12912200289-02ELD-00-SH?$format_zoom$", "//media.sheego.de/is/image/sheego/12912200289-02ELA-00-SH?$format_zoom$"], "url": "https://www.sheego.de/stiefel-in-verschlussloser-form_129122.html?color=00289", "retailer": "Sheego"},
{"spiderName": "SheegoSpider", "category": [" schuhe", "arizona schn\u00fcrschuh"], "image_urls": ["//media.sheego.de/is/image/sheego/O_5966481_94?$format_zoom$", "//media.sheego.de/is/image/sheego/O_5161474_94?$format_zoom$", "//media.sheego.de/is/image/sheego/O_5654683_94?$format_zoom$", "//media.sheego.de/is/image/sheego/O_5161044_94?$format_zoom$", "//media.sheego.de/is/image/sheego/O_5509636_94?$format_zoom$", "//media.sheego.de/is/image/sheego/O_5161279_94?$format_zoom$"], "url": "https://www.sheego.de/arizona-schnuerschuh_118744.html?color=00020", "retailer": "Sheego"},
{"spiderName": "SheegoSpider", "category": [" schuhe", "arizona schn\u00fcrschuh"], "image_urls": ["//media.sheego.de/is/image/sheego/O_5966481_94?$format_zoom$", "//media.sheego.de/is/image/sheego/O_5161474_94?$format_zoom$", "//media.sheego.de/is/image/sheego/O_5654683_94?$format_zoom$", "//media.sheego.de/is/image/sheego/O_5161044_94?$format_zoom$", "//media.sheego.de/is/image/sheego/O_5509636_94?$format_zoom$", "//media.sheego.de/is/image/sheego/O_5161279_94?$format_zoom$"], "url": "https://www.sheego.de/arizona-schnuerschuh_118744.html?color=00020", "retailer": "Sheego"},
{"spiderName": "SheegoSpider", "category": [" schuhe", "marco tozzi schn\u00fcrstiefelette"], "image_urls": ["//media.sheego.de/is/image/sheego/O_8736619_94?$format_zoom$", "//media.sheego.de/is/image/sheego/O_8736919_94?$format_zoom$", "//media.sheego.de/is/image/sheego/O_8736003_94?$format_zoom$", "//media.sheego.de/is/image/sheego/O_8736620_94?$format_zoom$", "//media.sheego.de/is/image/sheego/O_8736310_94?$format_zoom$", "//media.sheego.de/is/image/sheego/O_8735686_94?$format_zoom$"], "url": "https://www.sheego.de/marco-tozzi-schnuerstiefelette_127995.html?color=00063", "retailer": "Sheego"},
{"spiderName": "SheegoSpider", "category": [" schuhe", "marco tozzi schn\u00fcrstiefelette"], "image_urls": ["//media.sheego.de/is/image/sheego/O_8736619_94?$format_zoom$", "//media.sheego.de/is/image/sheego/O_8736919_94?$format_zoom$", "//media.sheego.de/is/image/sheego/O_8736003_94?$format_zoom$", "//media.sheego.de/is/image/sheego/O_8736620_94?$format_zoom$", "//media.sheego.de/is/image/sheego/O_8736310_94?$format_zoom$", "//media.sheego.de/is/image/sheego/O_8735686_94?$format_zoom$"], "url": "https://www.sheego.de/marco-tozzi-schnuerstiefelette_127995.html?color=00063", "retailer": "Sheego"},
{"spiderName": "SheegoSpider", "category": [" schuhe", "city walk espadrille"], "image_urls": ["//media.sheego.de/is/image/sheego/O_6337147_94?$format_zoom$", "//media.sheego.de/is/image/sheego/O_6337695_94?$format_zoom$", "//media.sheego.de/is/image/sheego/O_6337882_94?$format_zoom$", "//media.sheego.de/is/image/sheego/O_6337320_94?$format_zoom$", "//media.sheego.de/is/image/sheego/O_6337155_94?$format_zoom$", "//media.sheego.de/is/image/sheego/O_6337510_94?$format_zoom$"], "url": "https://www.sheego.de/city-walk-espadrille_118882.html?color=00135", "retailer": "Sheego"},
{"spiderName": "SheegoSpider", "category": [" schuhe", "city walk stiefelette"], "image_urls": ["//media.sheego.de/is/image/sheego/O_5651696_94?$format_zoom$", "//media.sheego.de/is/image/sheego/O_5651250_94?$format_zoom$", "//media.sheego.de/is/image/sheego/O_5651472_94?$format_zoom$", "//media.sheego.de/is/image/sheego/O_5651912_94?$format_zoom$", "//media.sheego.de/is/image/sheego/O_5651697_94?$format_zoom$", "//media.sheego.de/is/image/sheego/O_5651049_94?$format_zoom$"], "url": "https://www.sheego.de/city-walk-stiefelette_125290.html?color=00265", "retailer": "Sheego"},
{"spiderName": "SheegoSpider", "category": [" schuhe", "arizona schn\u00fcrschuh"], "image_urls": ["//media.sheego.de/is/image/sheego/O_5966481_94?$format_zoom$", "//media.sheego.de/is/image/sheego/O_5161474_94?$format_zoom$", "//media.sheego.de/is/image/sheego/O_5654683_94?$format_zoom$", "//media.sheego.de/is/image/sheego/O_5161044_94?$format_zoom$", "//media.sheego.de/is/image/sheego/O_5509636_94?$format_zoom$", "//media.sheego.de/is/image/sheego/O_5161279_94?$format_zoom$"], "url": "https://www.sheego.de/arizona-schnuerschuh_118744.html?color=00020", "retailer": "Sheego"},
{"spiderName": "SheegoSpider", "category": [" schuhe", "city walk schlupfboots"], "image_urls": ["//media.sheego.de/is/image/sheego/O_5571088_94?$format_zoom$", "//media.sheego.de/is/image/sheego/O_5570571_94?$format_zoom$", "//media.sheego.de/is/image/sheego/O_5570812_94?$format_zoom$", "//media.sheego.de/is/image/sheego/O_5570030_94?$format_zoom$", "//media.sheego.de/is/image/sheego/O_5571094_94?$format_zoom$", "//media.sheego.de/is/image/sheego/O_5570306_94?$format_zoom$"], "url": "https://www.sheego.de/city-walk-schlupfboots_125281.html?color=00289", "retailer": "Sheego"},
{"spiderName": "SheegoSpider", "category": [" schuhe", "city walk espadrille"], "image_urls": ["//media.sheego.de/is/image/sheego/O_6337147_94?$format_zoom$", "//media.sheego.de/is/image/sheego/O_6337695_94?$format_zoom$", "//media.sheego.de/is/image/sheego/O_6337882_94?$format_zoom$", "//media.sheego.de/is/image/sheego/O_6337320_94?$format_zoom$", "//media.sheego.de/is/image/sheego/O_6337155_94?$format_zoom$", "//media.sheego.de/is/image/sheego/O_6337510_94?$format_zoom$"], "url": "https://www.sheego.de/city-walk-espadrille_118882.html?color=00135", "retailer": "Sheego"},
{"spiderName": "SheegoSpider", "category": [" schuhe", "city walk schlupfboots"], "image_urls": ["//media.sheego.de/is/image/sheego/O_5571088_94?$format_zoom$", "//media.sheego.de/is/image/sheego/O_5570571_94?$format_zoom$", "//media.sheego.de/is/image/sheego/O_5570812_94?$format_zoom$", "//media.sheego.de/is/image/sheego/O_5570030_94?$format_zoom$", "//media.sheego.de/is/image/sheego/O_5571094_94?$format_zoom$", "//media.sheego.de/is/image/sheego/O_5570306_94?$format_zoom$"], "url": "https://www.sheego.de/city-walk-schlupfboots_125281.html?color=00289", "retailer": "Sheego"},
{"spiderName": "SheegoSpider", "category": [" schuhe", "city walk espadrille"], "image_urls": ["//media.sheego.de/is/image/sheego/O_6337147_94?$format_zoom$", "//media.sheego.de/is/image/sheego/O_6337695_94?$format_zoom$", "//media.sheego.de/is/image/sheego/O_6337882_94?$format_zoom$", "//media.sheego.de/is/image/sheego/O_6337320_94?$format_zoom$", "//media.sheego.de/is/image/sheego/O_6337155_94?$format_zoom$", "//media.sheego.de/is/image/sheego/O_6337510_94?$format_zoom$"], "url": "https://www.sheego.de/city-walk-espadrille_118882.html?color=00135", "retailer": "Sheego"},
{"spiderName": "SheegoSpider", "category": [" schuhe", "tamaris schn\u00fcrschuh"], "image_urls": ["//media.sheego.de/is/image/sheego/O_9128366_94?$format_zoom$", "//media.sheego.de/is/image/sheego/O_9129440_94?$format_zoom$", "//media.sheego.de/is/image/sheego/O_9128356_94?$format_zoom$", "//media.sheego.de/is/image/sheego/O_9129078_94?$format_zoom$", "//media.sheego.de/is/image/sheego/O_9129810_94?$format_zoom$"], "url": "https://www.sheego.de/tamaris-schnuerschuh_128058.html?color=00018", "retailer": "Sheego"},
{"spiderName": "SheegoSpider", "category": [" schuhe", "tamaris riemchenballerina"], "image_urls": ["//media.sheego.de/is/image/sheego/O_9191383_94?$format_zoom$", "//media.sheego.de/is/image/sheego/O_9190352_94?$format_zoom$", "//media.sheego.de/is/image/sheego/O_9191382_94?$format_zoom$", "//media.sheego.de/is/image/sheego/O_9191377_94?$format_zoom$", "//media.sheego.de/is/image/sheego/O_9190869_94?$format_zoom$", "//media.sheego.de/is/image/sheego/O_9189354_94?$format_zoom$"], "url": "https://www.sheego.de/tamaris-riemchenballerina_127948.html?color=00108", "retailer": "Sheego"},
{"spiderName": "SheegoSpider", "category": [" schuhe", "city walk riemchensandale"], "image_urls": ["//media.sheego.de/is/image/sheego/O_6797192_94?$format_zoom$", "//media.sheego.de/is/image/sheego/O_6797193_94?$format_zoom$", "//media.sheego.de/is/image/sheego/O_6797978_94?$format_zoom$", "//media.sheego.de/is/image/sheego/O_6799557_94?$format_zoom$", "//media.sheego.de/is/image/sheego/O_6797194_94?$format_zoom$", "//media.sheego.de/is/image/sheego/O_6799558_94?$format_zoom$"], "url": "https://www.sheego.de/city-walk-riemchensandale_119029.html?color=00244", "retailer": "Sheego"},
{"spiderName": "SheegoSpider", "category": [" schuhe", "tamaris pumps"], "image_urls": ["//media.sheego.de/is/image/sheego/O_7388584_94?$format_zoom$", "//media.sheego.de/is/image/sheego/O_7388864_94?$format_zoom$", "//media.sheego.de/is/image/sheego/O_7389180_94?$format_zoom$", "//media.sheego.de/is/image/sheego/O_7388585_94?$format_zoom$", "//media.sheego.de/is/image/sheego/O_7389181_94?$format_zoom$", "//media.sheego.de/is/image/sheego/O_7389483_94?$format_zoom$"], "url": "https://www.sheego.de/tamaris-pumps_125444.html?color=00289", "retailer": "Sheego"},
{"spiderName": "SheegoSpider", "category": [" schuhe", "tamaris pumps"], "image_urls": ["//media.sheego.de/is/image/sheego/O_7388584_94?$format_zoom$", "//media.sheego.de/is/image/sheego/O_7388864_94?$format_zoom$", "//media.sheego.de/is/image/sheego/O_7389180_94?$format_zoom$", "//media.sheego.de/is/image/sheego/O_7388585_94?$format_zoom$", "//media.sheego.de/is/image/sheego/O_7389181_94?$format_zoom$", "//media.sheego.de/is/image/sheego/O_7389483_94?$format_zoom$"], "url": "https://www.sheego.de/tamaris-pumps_125444.html?color=00289", "retailer": "Sheego"},
{"spiderName": "SheegoSpider", "category": [" schuhe", "city walk riemchensandale"], "image_urls": ["//media.sheego.de/is/image/sheego/O_6797192_94?$format_zoom$", "//media.sheego.de/is/image/sheego/O_6797193_94?$format_zoom$", "//media.sheego.de/is/image/sheego/O_6797978_94?$format_zoom$", "//media.sheego.de/is/image/sheego/O_6799557_94?$format_zoom$", "//media.sheego.de/is/image/sheego/O_6797194_94?$format_zoom$", "//media.sheego.de/is/image/sheego/O_6799558_94?$format_zoom$"], "url": "https://www.sheego.de/city-walk-riemchensandale_119029.html?color=00244", "retailer": "Sheego"},
{"spiderName": "SheegoSpider", "category": [" schuhe", "jana stiefel"], "image_urls": ["//media.sheego.de/is/image/sheego/O_7353264_94?$format_zoom$", "//media.sheego.de/is/image/sheego/O_9095764_94?$format_zoom$", "//media.sheego.de/is/image/sheego/O_7352922_94?$format_zoom$", "//media.sheego.de/is/image/sheego/O_7353265_94?$format_zoom$", "//media.sheego.de/is/image/sheego/O_7352219_94?$format_zoom$", "//media.sheego.de/is/image/sheego/O_7352586_94?$format_zoom$", "//media.sheego.de/is/image/sheego/O_7352220_94?$format_zoom$"], "url": "https://www.sheego.de/jana-stiefel_125491.html?color=00065", "retailer": "Sheego"},
{"spiderName": "SheegoSpider", "category": [" schuhe", "jana stiefel"], "image_urls": ["//media.sheego.de/is/image/sheego/O_7353264_94?$format_zoom$", "//media.sheego.de/is/image/sheego/O_9095764_94?$format_zoom$", "//media.sheego.de/is/image/sheego/O_7352922_94?$format_zoom$", "//media.sheego.de/is/image/sheego/O_7353265_94?$format_zoom$", "//media.sheego.de/is/image/sheego/O_7352219_94?$format_zoom$", "//media.sheego.de/is/image/sheego/O_7352586_94?$format_zoom$", "//media.sheego.de/is/image/sheego/O_7352220_94?$format_zoom$"], "url": "https://www.sheego.de/jana-stiefel_125491.html?color=00065", "retailer": "Sheego"},
{"spiderName": "SheegoSpider", "category": [" schuhe", "tamaris stiefelette"], "image_urls": ["//media.sheego.de/is/image/sheego/O_7386698_94?$format_zoom$", "//media.sheego.de/is/image/sheego/O_7387332_94?$format_zoom$", "//media.sheego.de/is/image/sheego/O_7386699_94?$format_zoom$", "//media.sheego.de/is/image/sheego/O_7387333_94?$format_zoom$", "//media.sheego.de/is/image/sheego/O_7387110_94?$format_zoom$", "//media.sheego.de/is/image/sheego/O_7387111_94?$format_zoom$"], "url": "https://www.sheego.de/tamaris-stiefelette_125455.html?color=01766", "retailer": "Sheego"},
{"spiderName": "SheegoSpider", "category": [" schuhe", "esprit sneaker \u00bbstar wedge\u00ab"], "image_urls": ["//media.sheego.de/is/image/sheego/O_7299376_94?$format_zoom$", "//media.sheego.de/is/image/sheego/O_7299064_94?$format_zoom$", "//media.sheego.de/is/image/sheego/O_7299377_94?$format_zoom$", "//media.sheego.de/is/image/sheego/O_7298722_94?$format_zoom$", "//media.sheego.de/is/image/sheego/O_7299378_94?$format_zoom$", "//media.sheego.de/is/image/sheego/O_7299379_94?$format_zoom$"], "url": "https://www.sheego.de/esprit-sneaker-star-wedge-_125488.html?color=00289", "retailer": "Sheego"},
{"spiderName": "SheegoSpider", "category": [" schuhe", "esprit sneaker \u00bbstar wedge\u00ab"], "image_urls": ["//media.sheego.de/is/image/sheego/O_7299376_94?$format_zoom$", "//media.sheego.de/is/image/sheego/O_7299064_94?$format_zoom$", "//media.sheego.de/is/image/sheego/O_7299377_94?$format_zoom$", "//media.sheego.de/is/image/sheego/O_7298722_94?$format_zoom$", "//media.sheego.de/is/image/sheego/O_7299378_94?$format_zoom$", "//media.sheego.de/is/image/sheego/O_7299379_94?$format_zoom$"], "url": "https://www.sheego.de/esprit-sneaker-star-wedge-_125488.html?color=00289", "retailer": "Sheego"},
{"spiderName": "SheegoSpider", "category": [" schuhe", "gabor stiefelette"], "image_urls": ["//media.sheego.de/is/image/sheego/O_7405023_94?$format_zoom$", "//media.sheego.de/is/image/sheego/O_7405958_94?$format_zoom$", "//media.sheego.de/is/image/sheego/O_7405024_94?$format_zoom$", "//media.sheego.de/is/image/sheego/O_7406409_94?$format_zoom$", "//media.sheego.de/is/image/sheego/O_7405025_94?$format_zoom$", "//media.sheego.de/is/image/sheego/O_7405026_94?$format_zoom$"], "url": "https://www.sheego.de/gabor-stiefelette_125512.html?color=00289", "retailer": "Sheego"},
{"spiderName": "SheegoSpider", "category": [" schuhe", "buffalo sandalette"], "image_urls": ["//media.sheego.de/is/image/sheego/O_8752347_94?$format_zoom$", "//media.sheego.de/is/image/sheego/O_8752340_94?$format_zoom$", "//media.sheego.de/is/image/sheego/O_8753565_94?$format_zoom$", "//media.sheego.de/is/image/sheego/O_8754717_94?$format_zoom$", "//media.sheego.de/is/image/sheego/O_8753566_94?$format_zoom$", "//media.sheego.de/is/image/sheego/O_8754718_94?$format_zoom$"], "url": "https://www.sheego.de/buffalo-sandalette_127982.html?color=00262", "retailer": "Sheego"},
{"spiderName": "SheegoSpider", "category": [" schuhe", "buffalo sandalette"], "image_urls": ["//media.sheego.de/is/image/sheego/O_8752347_94?$format_zoom$", "//media.sheego.de/is/image/sheego/O_8752340_94?$format_zoom$", "//media.sheego.de/is/image/sheego/O_8753565_94?$format_zoom$", "//media.sheego.de/is/image/sheego/O_8754717_94?$format_zoom$", "//media.sheego.de/is/image/sheego/O_8753566_94?$format_zoom$", "//media.sheego.de/is/image/sheego/O_8754718_94?$format_zoom$"], "url": "https://www.sheego.de/buffalo-sandalette_127982.html?color=00262", "retailer": "Sheego"},
{"spiderName": "SheegoSpider", "category": [" schuhe", "city walk riemchensandale"], "image_urls": ["//media.sheego.de/is/image/sheego/O_6797192_94?$format_zoom$", "//media.sheego.de/is/image/sheego/O_6797193_94?$format_zoom$", "//media.sheego.de/is/image/sheego/O_6797978_94?$format_zoom$", "//media.sheego.de/is/image/sheego/O_6799557_94?$format_zoom$", "//media.sheego.de/is/image/sheego/O_6797194_94?$format_zoom$", "//media.sheego.de/is/image/sheego/O_6799558_94?$format_zoom$"], "url": "https://www.sheego.de/city-walk-riemchensandale_119029.html?color=00244", "retailer": "Sheego"},
{"spiderName": "SheegoSpider", "category": [" schuhe", "arizona sneaker"], "image_urls": ["//media.sheego.de/is/image/sheego/O_7974898_94?$format_zoom$", "//media.sheego.de/is/image/sheego/O_7975372_94?$format_zoom$", "//media.sheego.de/is/image/sheego/O_7975835_94?$format_zoom$", "//media.sheego.de/is/image/sheego/O_7976306_94?$format_zoom$", "//media.sheego.de/is/image/sheego/O_7975373_94?$format_zoom$", "//media.sheego.de/is/image/sheego/O_7974449_94?$format_zoom$"], "url": "https://www.sheego.de/arizona-sneaker_125396.html?color=00018", "retailer": "Sheego"},
{"spiderName": "SheegoSpider", "category": [" schuhe", "arizona sneaker"], "image_urls": ["//media.sheego.de/is/image/sheego/O_7974898_94?$format_zoom$", "//media.sheego.de/is/image/sheego/O_7975372_94?$format_zoom$", "//media.sheego.de/is/image/sheego/O_7975835_94?$format_zoom$", "//media.sheego.de/is/image/sheego/O_7976306_94?$format_zoom$", "//media.sheego.de/is/image/sheego/O_7975373_94?$format_zoom$", "//media.sheego.de/is/image/sheego/O_7974449_94?$format_zoom$"], "url": "https://www.sheego.de/arizona-sneaker_125396.html?color=00018", "retailer": "Sheego"},
{"spiderName": "SheegoSpider", "category": [" schuhe", "arizona sneaker"], "image_urls": ["//media.sheego.de/is/image/sheego/O_7974898_94?$format_zoom$", "//media.sheego.de/is/image/sheego/O_7975372_94?$format_zoom$", "//media.sheego.de/is/image/sheego/O_7975835_94?$format_zoom$", "//media.sheego.de/is/image/sheego/O_7976306_94?$format_zoom$", "//media.sheego.de/is/image/sheego/O_7975373_94?$format_zoom$", "//media.sheego.de/is/image/sheego/O_7974449_94?$format_zoom$"], "url": "https://www.sheego.de/arizona-sneaker_125396.html?color=00018", "retailer": "Sheego"},
{"spiderName": "SheegoSpider", "category": [" schuhe", "xl-xxl weitschaftstiefel"], "image_urls": ["//media.sheego.de/is/image/sheego/11371300289-05-SH?$format_zoom$", "//media.sheego.de/is/image/sheego/11371300289-12-SH?$format_zoom$", "//media.sheego.de/is/image/sheego/11371300289-01-SH?$format_zoom$", "//media.sheego.de/is/image/sheego/11371300289-03-SH?$format_zoom$", "//media.sheego.de/is/image/sheego/11371300289-04-SH?$format_zoom$", "//media.sheego.de/is/image/sheego/11371300289-07-SH?$format_zoom$", "//media.sheego.de/is/image/sheego/11371300289-06-SH?$format_zoom$"], "url": "https://www.sheego.de/xl-xxl-weitschaftstiefel_113713.html?color=00289", "retailer": "Sheego"},
{"spiderName": "SheegoSpider", "category": [" schuhe", "tamaris hochfrontpumps"], "image_urls": ["//media.sheego.de/is/image/sheego/O_5984959_94?$format_zoom$", "//media.sheego.de/is/image/sheego/O_5984728_94?$format_zoom$", "//media.sheego.de/is/image/sheego/O_5984966_94?$format_zoom$", "//media.sheego.de/is/image/sheego/O_5984320_94?$format_zoom$", "//media.sheego.de/is/image/sheego/O_5985171_94?$format_zoom$", "//media.sheego.de/is/image/sheego/O_5984517_94?$format_zoom$"], "url": "https://www.sheego.de/tamaris-hochfrontpumps_119124.html?color=00066", "retailer": "Sheego"},
{"spiderName": "SheegoSpider", "category": [" schuhe", "birkenstock >>gizeh eva<< zehentrenner"], "image_urls": ["//media.sheego.de/is/image/sheego/O_5288179_94?$format_zoom$", "//media.sheego.de/is/image/sheego/O_5288190_94?$format_zoom$", "//media.sheego.de/is/image/sheego/O_5288382_94?$format_zoom$", "//media.sheego.de/is/image/sheego/O_5287807_94?$format_zoom$", "//media.sheego.de/is/image/sheego/O_5288559_94?$format_zoom$", "//media.sheego.de/is/image/sheego/O_5287997_94?$format_zoom$"], "url": "https://www.sheego.de/birkenstock-gizeh-eva-zehentrenner_128130.html?color=00236", "retailer": "Sheego"},
{"spiderName": "SheegoSpider", "category": [" schuhe", "birkenstock >>gizeh eva<< zehentrenner"], "image_urls": ["//media.sheego.de/is/image/sheego/O_5288179_94?$format_zoom$", "//media.sheego.de/is/image/sheego/O_5288190_94?$format_zoom$", "//media.sheego.de/is/image/sheego/O_5288382_94?$format_zoom$", "//media.sheego.de/is/image/sheego/O_5287807_94?$format_zoom$", "//media.sheego.de/is/image/sheego/O_5288559_94?$format_zoom$", "//media.sheego.de/is/image/sheego/O_5287997_94?$format_zoom$"], "url": "https://www.sheego.de/birkenstock-gizeh-eva-zehentrenner_128130.html?color=00236", "retailer": "Sheego"},
{"spiderName": "SheegoSpider", "category": [" schuhe", "moonboot winterstiefel"], "image_urls": ["//media.sheego.de/is/image/sheego/O_5946090_94?$format_zoom$", "//media.sheego.de/is/image/sheego/O_5945868_94?$format_zoom$", "//media.sheego.de/is/image/sheego/O_5946093_94?$format_zoom$", "//media.sheego.de/is/image/sheego/O_5946526_94?$format_zoom$", "//media.sheego.de/is/image/sheego/O_5946308_94?$format_zoom$", "//media.sheego.de/is/image/sheego/O_5945641_94?$format_zoom$"], "url": "https://www.sheego.de/moonboot-winterstiefel_126581.html?color=00264", "retailer": "Sheego"},
{"spiderName": "SheegoSpider", "category": [" schuhe", "city walk espadrille"], "image_urls": ["//media.sheego.de/is/image/sheego/O_8875595_94?$format_zoom$", "//media.sheego.de/is/image/sheego/O_8875961_94?$format_zoom$", "//media.sheego.de/is/image/sheego/O_8877069_94?$format_zoom$", "//media.sheego.de/is/image/sheego/O_8876348_94?$format_zoom$", "//media.sheego.de/is/image/sheego/O_8875591_94?$format_zoom$", "//media.sheego.de/is/image/sheego/O_8876349_94?$format_zoom$"], "url": "https://www.sheego.de/city-walk-espadrille_118741.html?color=00017", "retailer": "Sheego"},
{"spiderName": "SheegoSpider", "category": [" schuhe", "city walk espadrille"], "image_urls": ["//media.sheego.de/is/image/sheego/O_8875595_94?$format_zoom$", "//media.sheego.de/is/image/sheego/O_8875961_94?$format_zoom$", "//media.sheego.de/is/image/sheego/O_8877069_94?$format_zoom$", "//media.sheego.de/is/image/sheego/O_8876348_94?$format_zoom$", "//media.sheego.de/is/image/sheego/O_8875591_94?$format_zoom$", "//media.sheego.de/is/image/sheego/O_8876349_94?$format_zoom$"], "url": "https://www.sheego.de/city-walk-espadrille_118741.html?color=00017", "retailer": "Sheego"},
{"spiderName": "SheegoSpider", "category": [" schuhe", "tom tailor slip-on sneaker"], "image_urls": ["//media.sheego.de/is/image/sheego/O_8888910_94?$format_zoom$", "//media.sheego.de/is/image/sheego/O_8886469_94?$format_zoom$", "//media.sheego.de/is/image/sheego/O_8887062_94?$format_zoom$", "//media.sheego.de/is/image/sheego/O_8887657_94?$format_zoom$", "//media.sheego.de/is/image/sheego/O_8888289_94?$format_zoom$", "//media.sheego.de/is/image/sheego/O_8886470_94?$format_zoom$"], "url": "https://www.sheego.de/tom-tailor-slip-on-sneaker_128003.html?color=00106", "retailer": "Sheego"},
{"spiderName": "SheegoSpider", "category": [" schuhe", "tom tailor slip-on sneaker"], "image_urls": ["//media.sheego.de/is/image/sheego/O_8888910_94?$format_zoom$", "//media.sheego.de/is/image/sheego/O_8886469_94?$format_zoom$", "//media.sheego.de/is/image/sheego/O_8887062_94?$format_zoom$", "//media.sheego.de/is/image/sheego/O_8887657_94?$format_zoom$", "//media.sheego.de/is/image/sheego/O_8888289_94?$format_zoom$", "//media.sheego.de/is/image/sheego/O_8886470_94?$format_zoom$"], "url": "https://www.sheego.de/tom-tailor-slip-on-sneaker_128003.html?color=00106", "retailer": "Sheego"},
{"spiderName": "SheegoSpider", "category": [" schuhe", "tom tailor slip-on sneaker"], "image_urls": ["//media.sheego.de/is/image/sheego/O_8888910_94?$format_zoom$", "//media.sheego.de/is/image/sheego/O_8886469_94?$format_zoom$", "//media.sheego.de/is/image/sheego/O_8887062_94?$format_zoom$", "//media.sheego.de/is/image/sheego/O_8887657_94?$format_zoom$", "//media.sheego.de/is/image/sheego/O_8888289_94?$format_zoom$", "//media.sheego.de/is/image/sheego/O_8886470_94?$format_zoom$"], "url": "https://www.sheego.de/tom-tailor-slip-on-sneaker_128003.html?color=00106", "retailer": "Sheego"},
{"spiderName": "SheegoSpider", "category": [" schuhe", "s.oliver red label cowboy stiefelette"], "image_urls": ["//media.sheego.de/is/image/sheego/O_7179956_94?$format_zoom$", "//media.sheego.de/is/image/sheego/O_7179754_94?$format_zoom$", "//media.sheego.de/is/image/sheego/O_7180375_94?$format_zoom$", "//media.sheego.de/is/image/sheego/O_7179958_94?$format_zoom$", "//media.sheego.de/is/image/sheego/O_7179957_94?$format_zoom$", "//media.sheego.de/is/image/sheego/O_7180603_94?$format_zoom$"], "url": "https://www.sheego.de/s-oliver-red-label-cowboy-stiefelette_125423.html?color=00289", "retailer": "Sheego"},
{"spiderName": "SheegoSpider", "category": [" schuhe", "s.oliver red label cowboy stiefelette"], "image_urls": ["//media.sheego.de/is/image/sheego/O_7179956_94?$format_zoom$", "//media.sheego.de/is/image/sheego/O_7179754_94?$format_zoom$", "//media.sheego.de/is/image/sheego/O_7180375_94?$format_zoom$", "//media.sheego.de/is/image/sheego/O_7179958_94?$format_zoom$", "//media.sheego.de/is/image/sheego/O_7179957_94?$format_zoom$", "//media.sheego.de/is/image/sheego/O_7180603_94?$format_zoom$"], "url": "https://www.sheego.de/s-oliver-red-label-cowboy-stiefelette_125423.html?color=00289", "retailer": "Sheego"},
{"spiderName": "SheegoSpider", "category": [" schuhe", "tamaris ballerina"], "image_urls": ["//media.sheego.de/is/image/sheego/O_6862866_94?$format_zoom$", "//media.sheego.de/is/image/sheego/O_6862867_94?$format_zoom$", "//media.sheego.de/is/image/sheego/O_6862358_94?$format_zoom$", "//media.sheego.de/is/image/sheego/O_6861808_94?$format_zoom$", "//media.sheego.de/is/image/sheego/O_6860761_94?$format_zoom$", "//media.sheego.de/is/image/sheego/O_6862359_94?$format_zoom$"], "url": "https://www.sheego.de/tamaris-ballerina_119169.html?color=00010", "retailer": "Sheego"},
{"spiderName": "SheegoSpider", "category": [" schuhe", "s.oliver red label cowboy stiefelette"], "image_urls": ["//media.sheego.de/is/image/sheego/O_7179956_94?$format_zoom$", "//media.sheego.de/is/image/sheego/O_7179754_94?$format_zoom$", "//media.sheego.de/is/image/sheego/O_7180375_94?$format_zoom$", "//media.sheego.de/is/image/sheego/O_7179958_94?$format_zoom$", "//media.sheego.de/is/image/sheego/O_7179957_94?$format_zoom$", "//media.sheego.de/is/image/sheego/O_7180603_94?$format_zoom$"], "url": "https://www.sheego.de/s-oliver-red-label-cowboy-stiefelette_125423.html?color=00289", "retailer": "Sheego"},
{"spiderName": "SheegoSpider", "category": [" schuhe", "tamaris ballerina"], "image_urls": ["//media.sheego.de/is/image/sheego/O_6862866_94?$format_zoom$", "//media.sheego.de/is/image/sheego/O_6862867_94?$format_zoom$", "//media.sheego.de/is/image/sheego/O_6862358_94?$format_zoom$", "//media.sheego.de/is/image/sheego/O_6861808_94?$format_zoom$", "//media.sheego.de/is/image/sheego/O_6860761_94?$format_zoom$", "//media.sheego.de/is/image/sheego/O_6862359_94?$format_zoom$"], "url": "https://www.sheego.de/tamaris-ballerina_119169.html?color=00010", "retailer": "Sheego"},
{"spiderName": "SheegoSpider", "category": [" schuhe", "tamaris slingpumps"], "image_urls": ["//media.sheego.de/is/image/sheego/O_6460212_94?$format_zoom$", "//media.sheego.de/is/image/sheego/O_6460224_94?$format_zoom$", "//media.sheego.de/is/image/sheego/O_6460990_94?$format_zoom$", "//media.sheego.de/is/image/sheego/O_6462409_94?$format_zoom$", "//media.sheego.de/is/image/sheego/O_6461727_94?$format_zoom$", "//media.sheego.de/is/image/sheego/O_6459500_94?$format_zoom$"], "url": "https://www.sheego.de/tamaris-slingpumps_119187.html?color=00289", "retailer": "Sheego"},
{"spiderName": "SheegoSpider", "category": [" schuhe", "mustang shoes schn\u00fcrboots"], "image_urls": ["//media.sheego.de/is/image/sheego/O_7421517_94?$format_zoom$", "//media.sheego.de/is/image/sheego/O_7422046_94?$format_zoom$", "//media.sheego.de/is/image/sheego/O_7422586_94?$format_zoom$", "//media.sheego.de/is/image/sheego/O_7423628_94?$format_zoom$", "//media.sheego.de/is/image/sheego/O_7421518_94?$format_zoom$", "//media.sheego.de/is/image/sheego/O_7422047_94?$format_zoom$"], "url": "https://www.sheego.de/mustang-shoes-schnuerboots_125503.html?color=00066", "retailer": "Sheego"},
{"spiderName": "SheegoSpider", "category": [" schuhe", "arizona chelseaboots"], "image_urls": ["//media.sheego.de/is/image/sheego/O_7221957_94?$format_zoom$", "//media.sheego.de/is/image/sheego/O_7221529_94?$format_zoom$", "//media.sheego.de/is/image/sheego/O_7221530_94?$format_zoom$", "//media.sheego.de/is/image/sheego/O_7221059_94?$format_zoom$", "//media.sheego.de/is/image/sheego/O_7221531_94?$format_zoom$", "//media.sheego.de/is/image/sheego/O_7221060_94?$format_zoom$"], "url": "https://www.sheego.de/arizona-chelseaboots_125389.html?color=00065", "retailer": "Sheego"},
{"spiderName": "SheegoSpider", "category": [" schuhe", "city walk riemchensandale"], "image_urls": ["//media.sheego.de/is/image/sheego/O_8965456_94?$format_zoom$", "//media.sheego.de/is/image/sheego/O_8965984_94?$format_zoom$", "//media.sheego.de/is/image/sheego/O_8964807_94?$format_zoom$", "//media.sheego.de/is/image/sheego/O_8966546_94?$format_zoom$", "//media.sheego.de/is/image/sheego/O_8965983_94?$format_zoom$", "//media.sheego.de/is/image/sheego/O_8964806_94?$format_zoom$"], "url": "https://www.sheego.de/city-walk-riemchensandale_128067.html?color=00076", "retailer": "Sheego"},
{"spiderName": "SheegoSpider", "category": [" schuhe", "esprit sneaker"], "image_urls": ["//media.sheego.de/is/image/sheego/O_5640471_94?$format_zoom$", "//media.sheego.de/is/image/sheego/O_5640920_94?$format_zoom$", "//media.sheego.de/is/image/sheego/O_5641138_94?$format_zoom$", "//media.sheego.de/is/image/sheego/O_5640473_94?$format_zoom$", "//media.sheego.de/is/image/sheego/O_7318413_94?$format_zoom$", "//media.sheego.de/is/image/sheego/O_5640684_94?$format_zoom$"], "url": "https://www.sheego.de/esprit-sneaker_125313.html?color=00018", "retailer": "Sheego"},
{"spiderName": "SheegoSpider", "category": [" schuhe", "tamaris pumps"], "image_urls": ["//media.sheego.de/is/image/sheego/O_6479387_94?$format_zoom$", "//media.sheego.de/is/image/sheego/O_6480162_94?$format_zoom$", "//media.sheego.de/is/image/sheego/O_6480899_94?$format_zoom$", "//media.sheego.de/is/image/sheego/O_6478624_94?$format_zoom$", "//media.sheego.de/is/image/sheego/O_6481658_94?$format_zoom$", "//media.sheego.de/is/image/sheego/O_6479396_94?$format_zoom$"], "url": "https://www.sheego.de/tamaris-pumps_119174.html?color=00289", "retailer": "Sheego"},
{"spiderName": "SheegoSpider", "category": [" schuhe", "tamaris clog"], "image_urls": ["//media.sheego.de/is/image/sheego/O_6335620_94?$format_zoom$", "//media.sheego.de/is/image/sheego/O_6335269_94?$format_zoom$", "//media.sheego.de/is/image/sheego/O_6335429_94?$format_zoom$", "//media.sheego.de/is/image/sheego/O_6335819_94?$format_zoom$", "//media.sheego.de/is/image/sheego/O_6335624_94?$format_zoom$", "//media.sheego.de/is/image/sheego/O_6336001_94?$format_zoom$"], "url": "https://www.sheego.de/tamaris-clog_119164.html?color=00025", "retailer": "Sheego"},
{"spiderName": "SheegoSpider", "category": [" schuhe", "city walk chelseaboots"], "image_urls": ["//media.sheego.de/is/image/sheego/O_7171139_94?$format_zoom$", "//media.sheego.de/is/image/sheego/O_7171812_94?$format_zoom$", "//media.sheego.de/is/image/sheego/O_7171138_94?$format_zoom$", "//media.sheego.de/is/image/sheego/O_7171584_94?$format_zoom$", "//media.sheego.de/is/image/sheego/O_7171354_94?$format_zoom$", "//media.sheego.de/is/image/sheego/O_7170874_94?$format_zoom$"], "url": "https://www.sheego.de/city-walk-chelseaboots_125407.html?color=00289", "retailer": "Sheego"},
{"spiderName": "SheegoSpider", "category": [" schuhe", "rieker sneaker"], "image_urls": ["//media.sheego.de/is/image/sheego/O_6432063_94?$format_zoom$", "//media.sheego.de/is/image/sheego/O_6432905_94?$format_zoom$", "//media.sheego.de/is/image/sheego/O_6433660_94?$format_zoom$", "//media.sheego.de/is/image/sheego/O_6435235_94?$format_zoom$", "//media.sheego.de/is/image/sheego/O_6434479_94?$format_zoom$", "//media.sheego.de/is/image/sheego/O_6432080_94?$format_zoom$"], "url": "https://www.sheego.de/rieker-sneaker_118856.html?color=00545", "retailer": "Sheego"},
{"spiderName": "SheegoSpider", "category": [" schuhe", "city walk chelseaboots"], "image_urls": ["//media.sheego.de/is/image/sheego/O_7171139_94?$format_zoom$", "//media.sheego.de/is/image/sheego/O_7171812_94?$format_zoom$", "//media.sheego.de/is/image/sheego/O_7171138_94?$format_zoom$", "//media.sheego.de/is/image/sheego/O_7171584_94?$format_zoom$", "//media.sheego.de/is/image/sheego/O_7171354_94?$format_zoom$", "//media.sheego.de/is/image/sheego/O_7170874_94?$format_zoom$"], "url": "https://www.sheego.de/city-walk-chelseaboots_125407.html?color=00289", "retailer": "Sheego"},
{"spiderName": "SheegoSpider", "category": [" schuhe", "arizona sneaker"], "image_urls": ["//media.sheego.de/is/image/sheego/O_8773094_94?$format_zoom$", "//media.sheego.de/is/image/sheego/O_8772370_94?$format_zoom$", "//media.sheego.de/is/image/sheego/O_8772371_94?$format_zoom$", "//media.sheego.de/is/image/sheego/O_8773102_94?$format_zoom$", "//media.sheego.de/is/image/sheego/O_8772715_94?$format_zoom$", "//media.sheego.de/is/image/sheego/O_8773103_94?$format_zoom$"], "url": "https://www.sheego.de/arizona-sneaker_127899.html?color=00317", "retailer": "Sheego"},
{"spiderName": "SheegoSpider", "category": [" schuhe", "arizona sneaker"], "image_urls": ["//media.sheego.de/is/image/sheego/O_8773094_94?$format_zoom$", "//media.sheego.de/is/image/sheego/O_8772370_94?$format_zoom$", "//media.sheego.de/is/image/sheego/O_8772371_94?$format_zoom$", "//media.sheego.de/is/image/sheego/O_8773102_94?$format_zoom$", "//media.sheego.de/is/image/sheego/O_8772715_94?$format_zoom$", "//media.sheego.de/is/image/sheego/O_8773103_94?$format_zoom$"], "url": "https://www.sheego.de/arizona-sneaker_127899.html?color=00317", "retailer": "Sheego"},
{"spiderName": "SheegoSpider", "category": [" schuhe", "arizona sneaker"], "image_urls": ["//media.sheego.de/is/image/sheego/O_8773094_94?$format_zoom$", "//media.sheego.de/is/image/sheego/O_8772370_94?$format_zoom$", "//media.sheego.de/is/image/sheego/O_8772371_94?$format_zoom$", "//media.sheego.de/is/image/sheego/O_8773102_94?$format_zoom$", "//media.sheego.de/is/image/sheego/O_8772715_94?$format_zoom$", "//media.sheego.de/is/image/sheego/O_8773103_94?$format_zoom$"], "url": "https://www.sheego.de/arizona-sneaker_127899.html?color=00317", "retailer": "Sheego"},
{"spiderName": "SheegoSpider", "category": [" schuhe", "tamaris pumps"], "image_urls": ["//media.sheego.de/is/image/sheego/O_6479387_94?$format_zoom$", "//media.sheego.de/is/image/sheego/O_6480162_94?$format_zoom$", "//media.sheego.de/is/image/sheego/O_6480899_94?$format_zoom$", "//media.sheego.de/is/image/sheego/O_6478624_94?$format_zoom$", "//media.sheego.de/is/image/sheego/O_6481658_94?$format_zoom$", "//media.sheego.de/is/image/sheego/O_6479396_94?$format_zoom$"], "url": "https://www.sheego.de/tamaris-pumps_119174.html?color=00289", "retailer": "Sheego"},
{"spiderName": "SheegoSpider", "category": [" schuhe", "rieker sneaker"], "image_urls": ["//media.sheego.de/is/image/sheego/O_6432063_94?$format_zoom$", "//media.sheego.de/is/image/sheego/O_6432905_94?$format_zoom$", "//media.sheego.de/is/image/sheego/O_6433660_94?$format_zoom$", "//media.sheego.de/is/image/sheego/O_6435235_94?$format_zoom$", "//media.sheego.de/is/image/sheego/O_6434479_94?$format_zoom$", "//media.sheego.de/is/image/sheego/O_6432080_94?$format_zoom$"], "url": "https://www.sheego.de/rieker-sneaker_118856.html?color=00545", "retailer": "Sheego"},
{"spiderName": "SheegoSpider", "category": [" schuhe", "tom tailor stiefelette"], "image_urls": ["//media.sheego.de/is/image/sheego/O_4192822_94?$format_zoom$", "//media.sheego.de/is/image/sheego/O_4193334_94?$format_zoom$", "//media.sheego.de/is/image/sheego/O_4193508_94?$format_zoom$", "//media.sheego.de/is/image/sheego/O_4193002_94?$format_zoom$", "//media.sheego.de/is/image/sheego/O_4192826_94?$format_zoom$", "//media.sheego.de/is/image/sheego/O_4193181_94?$format_zoom$"], "url": "https://www.sheego.de/tom-tailor-stiefelette_125249.html?color=00289", "retailer": "Sheego"},
{"spiderName": "SheegoSpider", "category": [" schuhe", "tom tailor sneaker"], "image_urls": ["//media.sheego.de/is/image/sheego/O_5679070_94?$format_zoom$", "//media.sheego.de/is/image/sheego/O_5679076_94?$format_zoom$", "//media.sheego.de/is/image/sheego/O_5678182_94?$format_zoom$", "//media.sheego.de/is/image/sheego/O_5678615_94?$format_zoom$", "//media.sheego.de/is/image/sheego/O_5678388_94?$format_zoom$", "//media.sheego.de/is/image/sheego/O_5678842_94?$format_zoom$"], "url": "https://www.sheego.de/tom-tailor-sneaker_125278.html?color=00030", "retailer": "Sheego"},
{"spiderName": "SheegoSpider", "category": [" schuhe", "tamaris riemchensandale"], "image_urls": ["//media.sheego.de/is/image/sheego/O_6502204_94?$format_zoom$", "//media.sheego.de/is/image/sheego/O_6501663_94?$format_zoom$", "//media.sheego.de/is/image/sheego/O_6501931_94?$format_zoom$", "//media.sheego.de/is/image/sheego/O_6501090_94?$format_zoom$", "//media.sheego.de/is/image/sheego/O_6502221_94?$format_zoom$", "//media.sheego.de/is/image/sheego/O_6501406_94?$format_zoom$"], "url": "https://www.sheego.de/tamaris-riemchensandale_127935.html?color=00289", "retailer": "Sheego"},
{"spiderName": "SheegoSpider", "category": [" schuhe", "flip flop zehentrenner"], "image_urls": ["//media.sheego.de/is/image/sheego/O_5812471_94?$format_zoom$", "//media.sheego.de/is/image/sheego/O_5812654_94?$format_zoom$", "//media.sheego.de/is/image/sheego/O_5812853_94?$format_zoom$", "//media.sheego.de/is/image/sheego/O_5813179_94?$format_zoom$", "//media.sheego.de/is/image/sheego/O_5813018_94?$format_zoom$", "//media.sheego.de/is/image/sheego/O_5812475_94?$format_zoom$"], "url": "https://www.sheego.de/flip-flop-zehentrenner_128109.html?color=00289", "retailer": "Sheego"},
{"spiderName": "SheegoSpider", "category": [" schuhe", "city walk pantolette"], "image_urls": ["//media.sheego.de/is/image/sheego/O_8879103_94?$format_zoom$", "//media.sheego.de/is/image/sheego/O_8877874_94?$format_zoom$", "//media.sheego.de/is/image/sheego/O_8877475_94?$format_zoom$", "//media.sheego.de/is/image/sheego/O_8877875_94?$format_zoom$", "//media.sheego.de/is/image/sheego/O_8878675_94?$format_zoom$", "//media.sheego.de/is/image/sheego/O_8877876_94?$format_zoom$"], "url": "https://www.sheego.de/city-walk-pantolette_118755.html?color=00244", "retailer": "Sheego"},
{"spiderName": "SheegoSpider", "category": [" schuhe", "tom tailor sneaker"], "image_urls": ["//media.sheego.de/is/image/sheego/O_5679070_94?$format_zoom$", "//media.sheego.de/is/image/sheego/O_5679076_94?$format_zoom$", "//media.sheego.de/is/image/sheego/O_5678182_94?$format_zoom$", "//media.sheego.de/is/image/sheego/O_5678615_94?$format_zoom$", "//media.sheego.de/is/image/sheego/O_5678388_94?$format_zoom$", "//media.sheego.de/is/image/sheego/O_5678842_94?$format_zoom$"], "url": "https://www.sheego.de/tom-tailor-sneaker_125278.html?color=00030", "retailer": "Sheego"},
{"spiderName": "SheegoSpider", "category": [" schuhe", "city walk pantolette"], "image_urls": ["//media.sheego.de/is/image/sheego/O_8879103_94?$format_zoom$", "//media.sheego.de/is/image/sheego/O_8877874_94?$format_zoom$", "//media.sheego.de/is/image/sheego/O_8877475_94?$format_zoom$", "//media.sheego.de/is/image/sheego/O_8877875_94?$format_zoom$", "//media.sheego.de/is/image/sheego/O_8878675_94?$format_zoom$", "//media.sheego.de/is/image/sheego/O_8877876_94?$format_zoom$"], "url": "https://www.sheego.de/city-walk-pantolette_118755.html?color=00244", "retailer": "Sheego"},
{"spiderName": "SheegoSpider", "category": [" schuhe", "city walk pantolette"], "image_urls": ["//media.sheego.de/is/image/sheego/O_8879103_94?$format_zoom$", "//media.sheego.de/is/image/sheego/O_8877874_94?$format_zoom$", "//media.sheego.de/is/image/sheego/O_8877475_94?$format_zoom$", "//media.sheego.de/is/image/sheego/O_8877875_94?$format_zoom$", "//media.sheego.de/is/image/sheego/O_8878675_94?$format_zoom$", "//media.sheego.de/is/image/sheego/O_8877876_94?$format_zoom$"], "url": "https://www.sheego.de/city-walk-pantolette_118755.html?color=00244", "retailer": "Sheego"},
{"spiderName": "SheegoSpider", "category": [" schuhe", "city walk pantolette"], "image_urls": ["//media.sheego.de/is/image/sheego/O_8879103_94?$format_zoom$", "//media.sheego.de/is/image/sheego/O_8877874_94?$format_zoom$", "//media.sheego.de/is/image/sheego/O_8877475_94?$format_zoom$", "//media.sheego.de/is/image/sheego/O_8877875_94?$format_zoom$", "//media.sheego.de/is/image/sheego/O_8878675_94?$format_zoom$", "//media.sheego.de/is/image/sheego/O_8877876_94?$format_zoom$"], "url": "https://www.sheego.de/city-walk-pantolette_118755.html?color=00244", "retailer": "Sheego"},
{"spiderName": "SheegoSpider", "category": [" schuhe", "city walk pantolette"], "image_urls": ["//media.sheego.de/is/image/sheego/O_8879103_94?$format_zoom$", "//media.sheego.de/is/image/sheego/O_8877874_94?$format_zoom$", "//media.sheego.de/is/image/sheego/O_8877475_94?$format_zoom$", "//media.sheego.de/is/image/sheego/O_8877875_94?$format_zoom$", "//media.sheego.de/is/image/sheego/O_8878675_94?$format_zoom$", "//media.sheego.de/is/image/sheego/O_8877876_94?$format_zoom$"], "url": "https://www.sheego.de/city-walk-pantolette_118755.html?color=00244", "retailer": "Sheego"},
{"spiderName": "SheegoSpider", "category": [" schuhe", "city walk pantolette"], "image_urls": ["//media.sheego.de/is/image/sheego/O_8879103_94?$format_zoom$", "//media.sheego.de/is/image/sheego/O_8877874_94?$format_zoom$", "//media.sheego.de/is/image/sheego/O_8877475_94?$format_zoom$", "//media.sheego.de/is/image/sheego/O_8877875_94?$format_zoom$", "//media.sheego.de/is/image/sheego/O_8878675_94?$format_zoom$", "//media.sheego.de/is/image/sheego/O_8877876_94?$format_zoom$"], "url": "https://www.sheego.de/city-walk-pantolette_118755.html?color=00244", "retailer": "Sheego"},
{"spiderName": "SheegoSpider", "category": [" schuhe", "mustang shoes slip-on sneaker"], "image_urls": ["//media.sheego.de/is/image/sheego/O_3311513_94?$format_zoom$", "//media.sheego.de/is/image/sheego/O_3311465_94?$format_zoom$", "//media.sheego.de/is/image/sheego/O_3311515_94?$format_zoom$", "//media.sheego.de/is/image/sheego/O_3311643_94?$format_zoom$", "//media.sheego.de/is/image/sheego/O_3311587_94?$format_zoom$", "//media.sheego.de/is/image/sheego/O_3311406_94?$format_zoom$"], "url": "https://www.sheego.de/mustang-shoes-slip-on-sneaker_118725.html?color=00017", "retailer": "Sheego"},
{"spiderName": "SheegoSpider", "category": [" schuhe", "mustang shoes slip-on sneaker"], "image_urls": ["//media.sheego.de/is/image/sheego/O_3311513_94?$format_zoom$", "//media.sheego.de/is/image/sheego/O_3311465_94?$format_zoom$", "//media.sheego.de/is/image/sheego/O_3311515_94?$format_zoom$", "//media.sheego.de/is/image/sheego/O_3311643_94?$format_zoom$", "//media.sheego.de/is/image/sheego/O_3311587_94?$format_zoom$", "//media.sheego.de/is/image/sheego/O_3311406_94?$format_zoom$"], "url": "https://www.sheego.de/mustang-shoes-slip-on-sneaker_118725.html?color=00017", "retailer": "Sheego"},
{"spiderName": "SheegoSpider", "category": [" schuhe", "tamaris zehentrenner \u00bbodense\u00ab"], "image_urls": ["//media.sheego.de/is/image/sheego/O_3548855_94?$format_zoom$", "//media.sheego.de/is/image/sheego/O_3548744_94?$format_zoom$", "//media.sheego.de/is/image/sheego/O_3548859_94?$format_zoom$", "//media.sheego.de/is/image/sheego/O_3549085_94?$format_zoom$", "//media.sheego.de/is/image/sheego/O_3548985_94?$format_zoom$", "//media.sheego.de/is/image/sheego/O_3549195_94?$format_zoom$"], "url": "https://www.sheego.de/tamaris-zehentrenner-odense-_127881.html?color=00404", "retailer": "Sheego"},
{"spiderName": "SheegoSpider", "category": [" schuhe", "bio time clog"], "image_urls": ["//media.sheego.de/is/image/sheego/O_6713574_94?$format_zoom$", "//media.sheego.de/is/image/sheego/O_6713739_94?$format_zoom$", "//media.sheego.de/is/image/sheego/O_6713886_94?$format_zoom$", "//media.sheego.de/is/image/sheego/O_6713467_94?$format_zoom$", "//media.sheego.de/is/image/sheego/O_6714024_94?$format_zoom$", "//media.sheego.de/is/image/sheego/O_6713593_94?$format_zoom$"], "url": "https://www.sheego.de/bio-time-clog_119365.html?color=00289", "retailer": "Sheego"},
{"spiderName": "SheegoSpider", "category": [" schuhe", "city walk zehentrenner"], "image_urls": ["//media.sheego.de/is/image/sheego/O_6346673_94?$format_zoom$", "//media.sheego.de/is/image/sheego/O_6346239_94?$format_zoom$", "//media.sheego.de/is/image/sheego/O_6346452_94?$format_zoom$", "//media.sheego.de/is/image/sheego/O_6345784_94?$format_zoom$", "//media.sheego.de/is/image/sheego/O_6346678_94?$format_zoom$", "//media.sheego.de/is/image/sheego/O_6346007_94?$format_zoom$"], "url": "https://www.sheego.de/city-walk-zehentrenner_127927.html?color=00179", "retailer": "Sheego"},
{"spiderName": "SheegoSpider", "category": [" schuhe", "city walk zehentrenner"], "image_urls": ["//media.sheego.de/is/image/sheego/O_6346673_94?$format_zoom$", "//media.sheego.de/is/image/sheego/O_6346239_94?$format_zoom$", "//media.sheego.de/is/image/sheego/O_6346452_94?$format_zoom$", "//media.sheego.de/is/image/sheego/O_6345784_94?$format_zoom$", "//media.sheego.de/is/image/sheego/O_6346678_94?$format_zoom$", "//media.sheego.de/is/image/sheego/O_6346007_94?$format_zoom$"], "url": "https://www.sheego.de/city-walk-zehentrenner_127927.html?color=00179", "retailer": "Sheego"},
{"spiderName": "SheegoSpider", "category": [" schuhe", "jenny stiefel"], "image_urls": ["//media.sheego.de/is/image/sheego/O_5827431_94?$format_zoom$", "//media.sheego.de/is/image/sheego/O_5828232_94?$format_zoom$", "//media.sheego.de/is/image/sheego/O_5827185_94?$format_zoom$", "//media.sheego.de/is/image/sheego/O_5827710_94?$format_zoom$", "//media.sheego.de/is/image/sheego/O_5827432_94?$format_zoom$", "//media.sheego.de/is/image/sheego/O_5827980_94?$format_zoom$"], "url": "https://www.sheego.de/jenny-stiefel_125527.html?color=00335", "retailer": "Sheego"},
{"spiderName": "SheegoSpider", "category": [" schuhe", "stiefel mit dekorativen schnallenb\u00e4ndern"], "image_urls": ["//media.sheego.de/is/image/sheego/11361400289-00-SH?$format_zoom$", "//media.sheego.de/is/image/sheego/11361400289-07-SH?$format_zoom$", "//media.sheego.de/is/image/sheego/11361400289-04-SH?$format_zoom$", "//media.sheego.de/is/image/sheego/11361400289-02-SH?$format_zoom$", "//media.sheego.de/is/image/sheego/11361400289-01-SH?$format_zoom$", "//media.sheego.de/is/image/sheego/11361400289-05-SH?$format_zoom$", "//media.sheego.de/is/image/sheego/11361400289-03-SH?$format_zoom$"], "url": "https://www.sheego.de/stiefel-mit-dekorativen-schnallenbaendern_113614.html?color=00289", "retailer": "Sheego"},
{"spiderName": "SheegoSpider", "category": [" schuhe", "city walk schn\u00fcrschuh"], "image_urls": ["//media.sheego.de/is/image/sheego/O_5281376_94?$format_zoom$", "//media.sheego.de/is/image/sheego/O_5281833_94?$format_zoom$", "//media.sheego.de/is/image/sheego/O_5282074_94?$format_zoom$", "//media.sheego.de/is/image/sheego/O_5281384_94?$format_zoom$", "//media.sheego.de/is/image/sheego/O_5281144_94?$format_zoom$", "//media.sheego.de/is/image/sheego/O_5281610_94?$format_zoom$"], "url": "https://www.sheego.de/city-walk-schnuerschuh_118795.html?color=00030", "retailer": "Sheego"},
{"spiderName": "SheegoSpider", "category": [" schuhe", "tamaris dianette"], "image_urls": ["//media.sheego.de/is/image/sheego/O_5485853_94?$format_zoom$", "//media.sheego.de/is/image/sheego/O_5486052_94?$format_zoom$", "//media.sheego.de/is/image/sheego/O_5486240_94?$format_zoom$", "//media.sheego.de/is/image/sheego/O_5486591_94?$format_zoom$", "//media.sheego.de/is/image/sheego/O_5486413_94?$format_zoom$", "//media.sheego.de/is/image/sheego/O_5485854_94?$format_zoom$"], "url": "https://www.sheego.de/tamaris-dianette_119109.html?color=00123", "retailer": "Sheego"},
{"spiderName": "SheegoSpider", "category": [" schuhe", "tamaris pumps \u00bbtizi\u00ab"], "image_urls": ["//media.sheego.de/is/image/sheego/O_8118779_94?$format_zoom$", "//media.sheego.de/is/image/sheego/O_8118120_94?$format_zoom$", "//media.sheego.de/is/image/sheego/O_8118780_94?$format_zoom$", "//media.sheego.de/is/image/sheego/O_8118781_94?$format_zoom$", "//media.sheego.de/is/image/sheego/O_8119080_94?$format_zoom$", "//media.sheego.de/is/image/sheego/O_8119418_94?$format_zoom$"], "url": "https://www.sheego.de/tamaris-pumps-tizi-_119093.html?color=00065", "retailer": "Sheego"},
{"spiderName": "SheegoSpider", "category": [" schuhe", "tamaris pumps \u00bbtizi\u00ab"], "image_urls": ["//media.sheego.de/is/image/sheego/O_8118779_94?$format_zoom$", "//media.sheego.de/is/image/sheego/O_8118120_94?$format_zoom$", "//media.sheego.de/is/image/sheego/O_8118780_94?$format_zoom$", "//media.sheego.de/is/image/sheego/O_8118781_94?$format_zoom$", "//media.sheego.de/is/image/sheego/O_8119080_94?$format_zoom$", "//media.sheego.de/is/image/sheego/O_8119418_94?$format_zoom$"], "url": "https://www.sheego.de/tamaris-pumps-tizi-_119093.html?color=00065", "retailer": "Sheego"},
{"spiderName": "SheegoSpider", "category": [" schuhe", "rieker clog"], "image_urls": ["//media.sheego.de/is/image/sheego/O_3115636_94?$format_zoom$", "//media.sheego.de/is/image/sheego/O_3116112_94?$format_zoom$", "//media.sheego.de/is/image/sheego/O_3116272_94?$format_zoom$", "//media.sheego.de/is/image/sheego/O_3115802_94?$format_zoom$", "//media.sheego.de/is/image/sheego/O_3115637_94?$format_zoom$", "//media.sheego.de/is/image/sheego/O_3115959_94?$format_zoom$"], "url": "https://www.sheego.de/rieker-clog_118664.html?color=00289", "retailer": "Sheego"},
{"spiderName": "SheegoSpider", "category": [" schuhe", "bugatti spangenpumps"], "image_urls": ["//media.sheego.de/is/image/sheego/O_7017312_94?$format_zoom$", "//media.sheego.de/is/image/sheego/O_7016655_94?$format_zoom$", "//media.sheego.de/is/image/sheego/O_7017229_94?$format_zoom$", "//media.sheego.de/is/image/sheego/O_7017086_94?$format_zoom$", "//media.sheego.de/is/image/sheego/O_7016656_94?$format_zoom$", "//media.sheego.de/is/image/sheego/O_7017087_94?$format_zoom$"], "url": "https://www.sheego.de/bugatti-spangenpumps_118802.html?color=00289", "retailer": "Sheego"}
]